[{"id":"user-image-Hack-The-Box-logo.png","fileName":"Hack-The-Box-logo.png","name":"Hack-The-Box-logo","publicUrl":"https://assets.nicepagecdn.com/1dbd9178/5838069/images/Hack-The-Box-logo.png","size":25802,"hash":"7IqLRodfmyV+T+jqSpVEgNi2EA8=","width":5000,"height":2116,"folderId":"user-image-folder-b8f09cfb-fc66-0a3d-49ef-ab65c7555669","thumbnail":{"url":"https://assets.nicepagecdn.com/1dbd9178/5838069/images/thumbnails/Hack-The-Box-logo.png","width":150,"height":63},"usages":[]},{"id":"user-image-Hack-The-Box-logo1.png","fileName":"Hack-The-Box-logo1.png","name":"Hack-The-Box-logo1","publicUrl":"https://assets.nicepagecdn.com/1dbd9178/5838069/images/Hack-The-Box-logo1.png","size":27401,"hash":"AeoS464ugxTNqB+cNn35ecUAEow=","width":5000,"height":2116,"folderId":"user-image-folder-b8f09cfb-fc66-0a3d-49ef-ab65c7555669","thumbnail":{"url":"https://assets.nicepagecdn.com/1dbd9178/5838069/images/thumbnails/Hack-The-Box-logo1.png","width":150,"height":63},"usages":[]},{"id":"user-image-HTB-Logo-RGB_BRC-Site-300.png","fileName":"HTB-Logo-RGB_BRC-Site-300.png","name":"HTB-Logo-RGB_BRC-Site-300","publicUrl":"https://assets.nicepagecdn.com/1dbd9178/5838069/images/HTB-Logo-RGB_BRC-Site-300.png","size":9421,"hash":"uOOsixi7XwbZH9RAhC1XUujnoz8=","width":1251,"height":751,"folderId":"user-image-folder-b8f09cfb-fc66-0a3d-49ef-ab65c7555669","thumbnail":{"url":"https://assets.nicepagecdn.com/1dbd9178/5838069/images/thumbnails/HTB-Logo-RGB_BRC-Site-300.png","width":150,"height":90},"usages":[]},{"id":"user-image-htb_socialmedia_cover.png","fileName":"htb_socialmedia_cover.png","name":"htb_socialmedia_cover","publicUrl":"https://assets.nicepagecdn.com/1dbd9178/5838069/images/htb_socialmedia_cover.png","size":14244,"hash":"ItzxRPOZJt1lfdk2lxwU/ONdyP8=","width":1200,"height":627,"folderId":"user-image-folder-b8f09cfb-fc66-0a3d-49ef-ab65c7555669","thumbnail":{"url":"https://assets.nicepagecdn.com/1dbd9178/5838069/images/thumbnails/htb_socialmedia_cover.png","width":150,"height":78},"usages":["5838094"]},{"id":"user-image-hackthebox.png","fileName":"hackthebox.png","name":"hackthebox","publicUrl":"https://assets.nicepagecdn.com/1dbd9178/5838069/images/hackthebox.png","size":61360,"hash":"ppp2wT7EPOBHUYspA+uEu17I7/8=","width":650,"height":700,"folderId":"user-image-folder-b8f09cfb-fc66-0a3d-49ef-ab65c7555669","thumbnail":{"url":"https://assets.nicepagecdn.com/1dbd9178/5838069/images/thumbnails/hackthebox.png","width":139,"height":150},"usages":[]},{"id":"user-image-folder-b8f09cfb-fc66-0a3d-49ef-ab65c7555669","isFolder":true,"title":"Ordner","folderId":null,"count":5,"usages":[]}]